<?xml version="1.0" encoding="UTF-8" standalone="yes"?>
<addon id="LionRepository" name="LionRepository" version="1.0.0" provider-name="Denza66">
    <extension point="xbmc.addon.repository" name="LionRepository">
        <dir>
            <info compressed="false">https://raw.githubusercontent.com/Denza66/LionRepository/master/repo/zips/addons.xml</info>
            <checksum>https://raw.githubusercontent.com/Denza66/LionRepository/master/repo/zips/addons.xml.md5</checksum>
            <datadir zip="true">https://raw.githubusercontent.com/Denza66/LionRepository/master/repo/zips/</datadir>
        </dir>
    </extension>
    <extension point="xbmc.addon.metadata">
        <summary>LionRepository</summary>
        <description>kako napraviti repositorij za kodi</description>
        <disclaimer></disclaimer>
        <platform>all</platform>
        <assets>
            <icon>icon.png</icon>
            <fanart>fanart.jpg</fanart>
        </assets>
    </extension>
</addon>